time,open,high,low,close,tick_volume,spread,real_volume,MA_5,EMA_8,RSI_6
2025-04-14 00:00:00,83706.64,84172.39,83619.03,84090.22,5823,2880,0,,,
2025-04-14 00:15:00,84090.23,85119.95,84041.19,84729.54,5822,2880,0,,,
2025-04-14 00:30:00,84729.82,85046.24,84478.18,84730.57,5892,2880,0,,,
2025-04-14 00:45:00,84730.57,84798.38,84176.29,84310.52,5266,2880,0,,,
2025-04-14 01:00:00,84310.52,84626.22,84232.98,84392.74,5571,2880,0,84450.71800000001,,
2025-04-14 01:15:00,84393.01,84536.67,84238.07,84520.34,5392,2880,0,84536.742,,63.387589114701704
2025-04-14 01:30:00,84520.53,84664.07,84288.22,84421.31,5365,2880,0,84475.09599999999,,55.16017279624463
2025-04-14 01:45:00,84422.05,84470.27,84036.1,84196.34,5460,2880,0,84368.25,84350.34884672261,40.74370579684506
2025-04-14 02:00:00,84198.15,84413.79,83987.94,84335.55,5733,2880,0,84373.256,84347.06021411759,50.374557352941245
2025-04-14 02:15:00,84336.13,84990.74,84272.77,84984.59,5551,2880,0,84491.626,84488.73349986924,74.00871784869092
2025-04-14 02:30:00,84984.49,85526.83,84936.91,85255.53,6182,2880,0,84638.664,84659.13272212053,79.01511491864555
2025-04-14 02:45:00,85255.53,85483.67,85004.33,85093.22,5662,2880,0,84773.046,84755.5965616493,69.40474415665307
2025-04-14 03:00:00,85091.98,85121.38,84567.0,84735.86,5978,2880,0,84880.95,84751.21065906057,52.52582135861466
2025-04-14 03:15:00,84731.26,84854.78,84553.3,84662.32,5287,2880,0,84946.304,84731.45717926935,49.55005621242968
2025-04-14 03:30:00,84658.81,84784.91,84505.14,84646.53,5351,2880,0,84878.69200000001,84712.58447276504,48.837176754036214
2025-04-14 03:45:00,84646.47,84701.0,84416.93,84544.88,5122,2880,0,84736.562,84675.31681215059,43.952234771248754
2025-04-14 04:00:00,84545.0,84673.2,84405.48,84428.08,5575,2880,0,84603.534,84620.37529833935,38.62508384270153
2025-04-14 04:15:00,84427.9,84815.47,84378.09,84772.91,5494,2880,0,84610.94399999999,84654.2718987084,57.062327171621526
2025-04-14 04:30:00,84773.2,84987.1,84696.52,84957.08,5873,2880,0,84669.896,84721.56258788431,63.99449507530579
2025-04-14 04:45:00,84957.61,85077.66,84835.73,84852.47,5704,2880,0,84711.084,84750.65312391001,57.65041614939972
2025-04-14 05:00:00,84852.83,84988.87,84625.61,84632.71,5723,2880,0,84728.65,84724.4435408189,46.12367470840294
2025-04-14 05:15:00,84632.71,84755.06,84578.56,84685.01,5268,2880,0,84780.036,84715.68053174803,49.03385679798805
2025-04-14 05:30:00,84685.01,84743.06,84299.37,84345.02,5507,2880,0,84694.45800000001,84633.31152469292,34.49750125141628
2025-04-14 05:45:00,84345.69,84549.31,84310.98,84547.31,5497,2880,0,84612.504,84614.20007476117,45.940090615822704
2025-04-14 06:00:00,84547.32,84565.91,84230.97,84404.91,5769,2880,0,84522.992,84567.69116925869,40.032670846180025
2025-04-14 06:15:00,84404.91,84513.21,84278.82,84327.82,5205,2880,0,84462.01400000001,84514.38646497898,36.946312255981184
2025-04-14 06:30:00,84327.82,84552.68,84292.88,84514.43,5696,2880,0,84427.898,84514.39613942809,48.48342014044285
2025-04-14 06:45:00,84518.18,84627.86,84456.41,84596.7,5471,2880,0,84478.234,84532.68588622185,53.03009572698142
2025-04-14 07:00:00,84597.25,84771.57,84264.44,84289.22,5282,2880,0,84426.61600000001,84478.58235595032,37.99192861968658
2025-04-14 07:15:00,84284.81,84532.5,84182.53,84463.83,5628,2880,0,84438.4,84475.30405462804,48.03403810329184
2025-04-14 07:30:00,84464.22,84585.09,84340.25,84409.81,5768,2880,0,84454.798,84460.74982026625,45.309856070131886
2025-04-14 07:45:00,84410.32,84629.91,84393.7,84566.06,5538,2880,0,84465.124,84484.15208242931,54.30490106706588
2025-04-14 08:00:00,84566.13,84788.93,84424.32,84522.47,5889,2880,0,84450.278,84492.6671752228,51.47087454423867
2025-04-14 08:15:00,84522.48,84651.58,84417.03,84595.91,5206,2880,0,84511.616,84515.61002517329,56.102483446788206
2025-04-14 08:30:00,84595.19,84875.77,84463.2,84818.79,5489,2880,0,84582.60800000001,84582.98335291255,67.42481721703739
2025-04-14 08:45:00,84817.38,84963.9,84671.35,84764.45,5402,2880,0,84653.536,84623.30927448753,62.693842049792075
2025-04-14 09:00:00,84764.48,84912.22,84720.67,84850.34,5531,2880,0,84710.392,84673.76054682364,67.07564088325034
2025-04-14 09:15:00,84850.34,84871.22,84436.91,84491.29,5767,2880,0,84704.15599999999,84633.21153641838,42.207074998617955
2025-04-14 09:30:00,84492.71,84540.11,84282.44,84359.21,5426,2880,0,84656.816,84572.32230610319,36.270889169484896
2025-04-14 09:45:00,84359.32,84450.64,84219.31,84410.83,5503,2880,0,84575.224,84536.43512696915,40.21438272459893
2025-04-14 10:00:00,84415.33,84586.05,84268.55,84376.83,5873,2880,0,84497.7,84500.96732097601,38.339262188821486
2025-04-14 10:15:00,84376.83,84642.65,84352.93,84608.55,5737,2880,0,84449.342,84524.87458298134,55.36168645106768
2025-04-14 10:30:00,84608.45,84775.17,84517.73,84765.66,5672,2880,0,84504.216,84578.38245342992,63.549034988021305
2025-04-14 10:45:00,84765.28,84806.07,84612.5,84637.8,5912,2880,0,84559.93400000001,84591.58635266771,53.8952408228333
2025-04-14 11:00:00,84637.69,84826.62,84477.48,84792.03,5962,2880,0,84636.174,84636.12938540822,62.2057904283317
2025-04-14 11:15:00,84792.08,84886.1,84639.73,84829.02,5919,2880,0,84726.61200000001,84678.99396642862,64.06976818799268
2025-04-14 11:30:00,84829.02,84976.28,84801.12,84826.78,5873,2880,0,84770.258,84711.83530722227,63.84096617377814
2025-04-14 11:45:00,84826.83,84963.67,84811.58,84935.58,5337,2880,0,84804.242,84761.55635006177,70.07065110686958
2025-04-14 12:00:00,84934.39,85052.97,84766.38,84781.81,5878,2880,0,84833.04400000001,84766.05716115914,54.2260530987271
2025-04-14 12:15:00,84781.01,85058.43,84745.94,85035.69,5919,2880,0,84881.776,84825.97556979043,68.38827486185583
2025-04-14 12:30:00,85035.98,85237.12,84910.24,85135.15,5777,2880,0,84943.00200000001,84894.68099872589,72.40235682094186
2025-04-14 12:45:00,85135.14,85237.15,85010.02,85148.16,5563,2880,0,85007.278,84951.0096656757,72.94167984045716
2025-04-14 13:00:00,85148.13,85295.66,84980.55,85095.32,5774,2880,0,85039.226,84983.07862885889,66.5984847487388
2025-04-14 13:15:00,85096.51,85281.06,84945.61,84948.69,5794,2880,0,85072.602,84975.43671133468,51.643412605485246
2025-04-14 13:30:00,84948.05,85062.35,84275.79,84416.83,6387,2880,0,84948.83,84851.30188659365,26.116601420646703
2025-04-14 13:45:00,84419.57,84658.78,84041.33,84365.14,6354,2880,0,84794.82800000001,84743.26591179505,24.693131633555467
2025-04-14 14:00:00,84365.14,84462.54,84248.45,84338.72,773,2880,0,84632.94,84653.36682028504,23.894338840572644
2025-04-14 14:15:00,84770.02,85098.3,84752.41,85061.03,1963,2880,0,84626.08200000001,84743.95863799947,63.078447879363765
2025-04-14 14:30:00,85064.48,85669.88,84933.69,85504.15,6204,2880,0,84737.174,84912.89005177736,73.2264058461643
2025-04-14 14:45:00,85504.15,85799.39,85388.8,85431.92,6035,2880,0,84940.192,85028.23004027127,69.4904532006479
2025-04-14 15:00:00,85431.92,85485.98,84470.52,84552.41,6079,2880,0,84977.646,84922.49225354433,39.81157754086608
2025-04-14 15:15:00,84553.34,84842.65,84400.69,84552.19,6167,2880,0,85020.34,84840.20286386782,39.80647438116419
2025-04-14 15:30:00,84552.19,84782.14,83829.19,84230.95,5981,2880,0,84854.324,84704.81333856385,32.50558262113209
2025-04-14 15:45:00,84232.74,84275.95,83688.99,84073.21,6150,2880,0,84568.136,84564.45704110521,29.3352458814402
2025-04-14 16:00:00,84073.21,84351.82,83822.65,84058.76,6365,2880,0,84293.504,84452.0799208596,29.0240649808798
2025-04-14 16:15:00,84056.77,84476.17,84020.11,84188.67,6133,2880,0,84220.756,84393.5443828908,36.31248640989244
2025-04-14 16:30:00,84188.67,84653.03,84094.3,84650.47,5728,2880,0,84240.412,84450.63896447062,55.7123160093533
2025-04-14 16:45:00,84647.16,84665.76,84302.16,84323.38,6037,2880,0,84258.898,84422.35919458827,44.25462993499411
2025-04-14 17:00:00,84325.38,84643.04,84291.27,84400.84,5848,2880,0,84324.424,84417.57715134643,47.332698201863174
2025-04-14 17:15:00,84401.06,84609.23,84181.17,84503.57,5847,2880,0,84413.386,84436.68667326945,51.58703769582378
2025-04-14 17:30:00,84503.57,84612.17,84387.36,84593.59,5854,2880,0,84494.37000000001,84471.55407920957,55.37730497830941
2025-04-14 17:45:00,84593.8,84894.46,84498.08,84850.62,5523,2880,0,84534.4,84555.79095049633,64.81544293794562
2025-04-14 18:00:00,84849.82,85064.45,84787.4,84919.96,5642,2880,0,84653.71599999999,84636.7174059416,67.07020548725309
2025-04-14 18:15:00,84918.74,85005.42,84826.35,84893.2,5466,2880,0,84752.188,84693.71353795458,65.13707791821734
2025-04-14 18:30:00,84893.18,84963.45,84803.15,84887.29,5127,2880,0,84828.932,84736.73052952022,64.6432939634632
2025-04-14 18:45:00,84887.26,85022.09,84673.85,84984.28,5536,2880,0,84907.06999999999,84791.74152296018,69.23603294344542
2025-04-14 19:00:00,84984.28,85207.54,84944.47,85065.44,5646,2880,0,84950.034,84852.5634067468,72.78574221876322
2025-04-14 19:15:00,85065.44,85136.15,84933.17,84965.94,5448,2880,0,84959.23,84877.75820524752,62.223270266004306
2025-04-14 19:30:00,84965.99,85158.94,84824.07,85020.87,5327,2880,0,84984.764,84909.56082630361,65.53646414801258
2025-04-14 19:45:00,85020.7,85046.16,84751.72,84912.32,5610,2880,0,84989.77,84910.17397601392,54.25288662499952
2025-04-14 20:00:00,84912.83,84966.1,84682.55,84788.99,5560,2880,0,84950.712,84883.24420356638,43.938773502718526
2025-04-14 20:15:00,84788.99,84850.43,84519.3,84627.29,5596,2880,0,84863.08200000001,84826.36549166273,33.82220024680899
2025-04-14 20:30:00,84627.43,84706.02,84563.27,84665.46,5443,2880,0,84802.986,84790.60871573768,37.87403770951839
2025-04-14 20:45:00,84666.33,84913.59,84648.11,84835.64,5630,2880,0,84765.94,84800.61566779597,53.20333378017173
2025-04-14 21:00:00,84835.17,84924.05,84678.57,84898.55,5329,2880,0,84763.186,84822.3788527302,57.82018774641665
2025-04-14 21:15:00,84898.3,84956.83,84720.39,84762.11,4995,2880,0,84757.81000000001,84808.98577434571,46.007188234100035
2025-04-14 21:30:00,84762.68,84767.55,84421.79,84594.74,5295,2880,0,84751.3,84761.37560226889,35.369885978830965
2025-04-14 21:45:00,84594.31,84745.06,84499.89,84677.74,5004,2880,0,84753.75600000001,84742.7899128758,43.18682288906411
2025-04-14 22:00:00,84677.51,84723.23,84521.71,84542.15,4929,2880,0,84695.058,84698.20326557008,34.90971212993733
2025-04-14 22:15:00,84542.41,84604.95,84388.94,84471.2,5150,2880,0,84609.588,84647.7580954434,31.159745538568714
2025-04-14 22:30:00,84471.47,84669.18,84453.87,84606.38,4814,2880,0,84578.442,84638.56296312265,44.73310837583232
2025-04-14 22:45:00,84605.56,84621.71,84452.05,84480.07,4554,2880,0,84555.508,84603.34230465096,36.63402044358902
2025-04-14 23:00:00,84479.92,84655.91,84433.94,84580.97,4849,2880,0,84536.15400000001,84598.37068139519,46.00518881711647
2025-04-14 23:15:00,84580.65,84760.51,84580.65,84626.47,4980,2880,0,84553.018,84604.61497441848,50.00607587149962
2025-04-14 23:30:00,84626.85,84725.12,84438.39,84449.81,4635,2880,0,84548.74,84570.21386899216,37.17279813486045
2025-04-14 23:45:00,84449.29,84580.13,84393.35,84572.69,4528,2880,0,84542.00200000001,84570.76412032722,48.25671033118332
2025-04-15 00:00:00,84571.7,84663.43,84415.61,84438.67,5061,2880,0,84533.722,84541.40987136561,39.20456267500991
2025-04-15 00:15:00,84438.67,84616.06,84314.12,84562.78,5366,2880,0,84530.084,84546.15878883992,49.69160032844725
2025-04-15 00:30:00,84562.04,84857.63,84525.27,84758.01,5473,2880,0,84556.392,84593.23683576439,62.04897844882545
2025-04-15 00:45:00,84758.01,84949.74,84687.08,84893.95,5257,2880,0,84645.22,84660.0619833723,68.511719267144
2025-04-15 01:00:00,84893.95,84939.43,84510.64,84657.85,5064,2880,0,84662.25200000001,84659.57043151179,50.56536054175857
2025-04-15 01:15:00,84657.88,84917.61,84646.44,84907.77,5074,2880,0,84756.072,84714.72589117583,62.90735938452635
2025-04-15 01:30:00,84907.12,85130.33,84788.46,84989.54,5476,2880,0,84841.424,84775.79569313675,66.21870600177856
2025-04-15 01:45:00,84989.61,85090.41,84923.06,84970.94,5150,2880,0,84884.01,84819.16109466192,64.64348375296899
2025-04-15 02:00:00,84974.69,85157.24,84907.55,85142.31,5245,2880,0,84933.682,84890.97196251483,72.0060394368895
2025-04-15 02:15:00,85142.35,85186.11,84809.6,84849.09,5336,2880,0,84971.93000000001,84881.66485973376,50.43986616359861
2025-04-15 02:30:00,84849.09,84897.15,84676.89,84855.38,5147,2880,0,84961.452,84875.82377979293,50.81904095948144
2025-04-15 02:45:00,84854.62,85303.71,84803.95,85209.48,5298,2880,0,85005.44,84949.96960650562,67.57688782119445
2025-04-15 03:00:00,85211.69,85321.34,85040.74,85113.65,5842,2880,0,85033.98199999999,84986.34302728216,60.844078019581914
2025-04-15 03:15:00,85114.25,85314.13,85103.47,85220.12,5040,2880,0,85049.544,85038.2934656639,65.4353902605751
2025-04-15 03:30:00,85218.08,85416.32,85180.8,85274.51,5266,2880,0,85134.628,85090.7860288497,67.7533058857926
2025-04-15 03:45:00,85274.51,85392.3,85210.64,85363.33,4983,2880,0,85236.21800000001,85151.351355772,71.49874624733117
2025-04-15 04:00:00,85363.27,85472.05,85182.14,85254.71,5590,2880,0,85245.264,85174.31994337823,61.08652507290581
2025-04-15 04:15:00,85254.79,85386.4,85141.04,85164.33,5320,2880,0,85255.4,85172.09995596085,53.33166625507174
2025-04-15 04:30:00,85165.51,85329.17,85146.2,85320.78,5455,2880,0,85275.532,85205.13996574734,63.0701349396923
2025-04-15 04:45:00,85320.7,85533.77,85274.67,85475.04,5226,2880,0,85315.638,85265.11775113683,70.38274191569056
2025-04-15 05:00:00,85475.08,85678.65,85464.35,85646.54,5359,2880,0,85372.28,85349.87825088421,76.5718103633094
2025-04-15 05:15:00,85645.44,85740.99,85540.9,85540.9,5458,2880,0,85429.518,85392.3275284655,66.32674701550728
2025-04-15 05:30:00,85540.9,85878.76,85515.34,85795.47,5521,2880,0,85555.746,85481.91474436206,75.7206000011273
2025-04-15 05:45:00,85795.35,85821.2,85535.68,85535.69,5380,2880,0,85598.72799999999,85493.86480117048,56.43983844115322
2025-04-15 06:00:00,85535.69,85693.46,85433.17,85496.44,5549,2880,0,85603.008,85494.43706757703,53.94920189611232
2025-04-15 06:15:00,85496.44,85550.0,85341.38,85523.08,5289,2880,0,85578.316,85500.80216367103,55.54692745977972
2025-04-15 06:30:00,85523.02,85657.8,85437.61,85470.5,5097,2880,0,85564.236,85494.06834952191,51.32903296493288
2025-04-15 06:45:00,85470.22,85481.98,85324.64,85371.17,5131,2880,0,85479.376,85466.75760518371,43.79094667446917
2025-04-15 07:00:00,85370.71,85609.73,85367.68,85506.05,5421,2880,0,85473.448,85475.48924847622,54.64458882643677
2025-04-15 07:15:00,85507.39,85778.5,85505.7,85688.02,5180,2880,0,85511.764,85522.7183043704,65.44638923515167
2025-04-15 07:30:00,85688.07,85739.78,85613.14,85688.26,4865,2880,0,85544.8,85559.50534784363,65.4594085911339
2025-04-15 07:45:00,85688.54,85739.5,85631.59,85728.83,5064,2880,0,85596.466,85597.13304832282,67.91193979144828
2025-04-15 08:00:00,85729.23,85917.03,85664.88,85862.13,5258,2880,0,85694.65800000001,85656.02125980664,74.9303586129972
2025-04-15 08:15:00,85862.01,85988.83,85812.31,85839.52,5510,2880,0,85761.352,85696.79875762739,71.73669732154278
2025-04-15 08:30:00,85840.74,85909.29,85740.38,85890.9,5710,2880,0,85801.928,85739.93236704353,74.67960296819265
2025-04-15 08:45:00,85891.41,85933.4,85769.65,85855.37,5183,2880,0,85835.35,85765.58517436718,68.74015238961226
2025-04-15 09:00:00,85854.4,85962.11,85757.7,85883.52,5342,2880,0,85866.288,85791.7929133967,70.93770187674104
2025-04-15 09:15:00,85883.0,85979.0,85849.4,85859.08,5101,2880,0,85865.678,85806.74559930855,66.09669603459865
2025-04-15 09:30:00,85858.73,85878.62,85600.33,85754.29,5298,2880,0,85848.632,85795.0887994622,48.91984793210331
2025-04-15 09:45:00,85752.61,86001.92,85688.17,85999.64,5354,2880,0,85870.38,85840.54462180393,70.47643463741838
2025-04-15 10:00:00,85996.15,86023.34,85768.6,85796.22,5315,2880,0,85858.55,85830.69470584749,49.63577520960287
2025-04-15 10:15:00,85795.09,85817.04,85660.28,85773.65,4773,2880,0,85836.576,85818.01810454804,47.75554722449862
2025-04-15 10:30:00,85773.92,85797.93,85467.29,85505.96,5148,2880,0,85765.952,85748.67185909292,31.027523112872743
2025-04-15 10:45:00,85506.83,85691.66,85435.16,85637.96,5075,2880,0,85742.686,85724.06922373894,42.86922141496756
2025-04-15 11:00:00,85637.71,85680.71,85430.43,85489.69,5097,2880,0,85640.69600000001,85671.98495179696,34.81286700512348
2025-04-15 11:15:00,85489.51,85569.93,85329.96,85559.65,5440,2880,0,85593.38200000001,85647.0216291754,41.08214664145666
2025-04-15 11:30:00,85559.27,85639.81,85474.61,85523.92,5299,2880,0,85543.436,85619.66571158088,38.795487479277156
2025-04-15 11:45:00,85524.07,85591.26,85375.17,85581.94,5237,2880,0,85558.63200000001,85611.28222011846,44.78425180766056
2025-04-15 12:00:00,85581.57,85760.81,85523.09,85685.05,5593,2880,0,85568.05,85627.67506009212,54.316901627839755
2025-04-15 12:15:00,85684.57,85760.86,85450.79,85501.3,5533,2880,0,85570.372,85599.59171340498,39.670617724520895
2025-04-15 12:30:00,85501.59,85620.85,85431.69,85560.73,5433,2880,0,85570.58799999999,85590.95577709276,45.38612855167712
2025-04-15 12:45:00,85560.64,85833.1,85486.51,85810.3,5363,2880,0,85627.864,85639.69893773882,63.03411540099935
2025-04-15 13:00:00,85810.3,85884.33,85694.9,85792.96,5533,2880,0,85670.068,85673.75695157464,61.38040329557088
2025-04-15 13:15:00,85793.97,85867.69,85586.02,85840.89,5452,2880,0,85701.236,85710.8976290025,64.47207694549516
2025-04-15 13:30:00,85844.08,86131.17,85591.74,86046.85,5647,2880,0,85810.346,85785.5537114464,74.8528785292618
2025-04-15 13:45:00,86046.85,86496.42,85501.04,85585.97,6427,2880,0,85815.394,85741.20177556941,41.94382770513868
2025-04-15 14:00:00,85585.97,85996.69,85396.11,85764.7,6480,2880,0,85806.274,85746.42360322065,51.80445577565647
2025-04-15 14:15:00,85763.27,85888.59,84825.61,84958.51,6662,2880,0,85639.384,85571.33169139385,26.990729133863397
2025-04-15 14:30:00,84958.47,85285.06,84848.52,85226.69,5622,2880,0,85516.54400000001,85494.74464886189,38.709640561291955
2025-04-15 14:45:00,85226.78,85337.51,85069.56,85140.46,6075,2880,0,85335.26599999999,85416.01472689258,36.45205351006297
2025-04-15 15:00:00,85140.49,85282.8,84994.98,85244.46,5640,2880,0,85266.964,85377.89145424978,41.3984683158729
2025-04-15 15:15:00,85244.31,85400.9,85151.89,85209.86,5955,2880,0,85155.996,85340.55113108316,40.1507775025014
2025-04-15 15:30:00,85205.17,85266.69,84843.69,84863.7,5069,2880,0,85137.034,85234.58421306469,29.482955680456215
2025-04-15 15:45:00,84867.21,84938.58,84612.78,84909.68,5249,2880,0,85073.632,85162.3832768281,32.34802797555034
2025-04-15 16:00:00,84909.84,85111.31,84857.05,84986.81,5884,2880,0,85042.90199999999,85123.36699308852,37.46268292664126
2025-04-15 16:15:00,84986.73,85149.91,84837.39,85011.4,5684,2880,0,84996.29000000001,85098.48543906884,39.22064070724184
2025-04-15 16:30:00,85011.44,85055.54,84840.21,84981.14,5407,2880,0,84950.546,85072.40867483133,37.65745076120993
2025-04-15 16:45:00,84980.84,85037.39,84756.72,84844.69,4998,2880,0,84946.74399999999,85021.80452486881,30.976790963232304
2025-04-15 17:00:00,84844.73,84997.63,84754.83,84985.39,5560,2880,0,84961.886,85013.7124082313,43.40124048384506
2025-04-15 17:15:00,84985.56,85001.44,84689.28,84723.87,5028,2880,0,84909.298,84949.3029841799,30.967940968016435
2025-04-15 17:30:00,84723.4,84838.86,84671.18,84772.57,4912,2880,0,84861.53199999999,84910.02898769549,35.12123004932549
2025-04-15 17:45:00,84772.93,84838.13,84389.34,84471.48,5238,2880,0,84759.6,84812.5736570965,24.28241463749322
2025-04-15 18:00:00,84471.44,84596.3,84374.78,84448.11,5196,2880,0,84680.284,84731.58173329727,23.603929956642915
2025-04-15 18:15:00,84448.47,84458.63,84117.54,84295.15,5182,2880,0,84542.236,84634.59690367564,19.356105469258708
2025-04-15 18:30:00,84294.88,84429.97,84264.78,84418.62,5388,2880,0,84481.186,84586.60203619217,31.327152144177447
2025-04-15 18:45:00,84418.3,84494.58,84155.81,84178.0,5217,2880,0,84362.272,84495.80158370502,23.254459726957762
2025-04-15 19:00:00,84178.12,84206.86,84018.54,84096.91,5293,2880,0,84287.35800000001,84407.15900954834,21.0597937693354
2025-04-15 19:15:00,84096.76,84220.06,84017.67,84062.02,5301,2880,0,84210.13999999998,84330.46145187093,20.081276694212733
2025-04-15 19:30:00,84062.64,84104.48,84008.92,84035.98,5090,2880,0,84158.30600000001,84265.02112923295,19.27900731032797
2025-04-15 19:45:00,84035.98,84125.9,83891.9,83963.22,5156,2880,0,84067.226,84197.95421162562,17.001549411502367
2025-04-15 20:00:00,83966.04,84153.97,83866.24,84126.64,5368,2880,0,84056.954,84182.10660904215,37.04560175456958
2025-04-15 20:15:00,84126.94,84184.44,83916.68,83997.64,5144,2880,0,84037.1,84141.11402925501,30.148753712319177
2025-04-15 20:30:00,83997.07,84110.16,83941.58,83965.41,5242,2880,0,84017.77799999999,84102.06868942057,28.554906847044847
2025-04-15 20:45:00,83960.41,84005.51,83759.18,83986.02,5397,2880,0,84007.786,84076.28009177156,31.340247972302947
2025-04-15 21:00:00,83985.61,84075.22,83866.04,83978.06,5524,2880,0,84010.754,84054.45340471121,30.78402652437964
2025-04-15 21:15:00,83978.03,84083.4,83850.61,84045.71,5481,2880,0,83994.568,84052.5104258865,41.39211909511653
2025-04-15 21:30:00,84045.21,84226.1,84037.04,84103.14,5549,2880,0,84015.66799999999,84063.76144235618,49.30679255469851
2025-04-15 21:45:00,84104.51,84214.06,84031.68,84170.82,5215,2880,0,84056.75,84087.5522329437,57.4355912354119
2025-04-15 22:00:00,84170.55,84170.55,83834.75,83907.04,5192,2880,0,84040.954,84047.43840340065,32.82104734149776
2025-04-15 22:15:00,83907.31,83966.64,83802.17,83914.71,4947,2880,0,84028.28400000001,84017.94320264495,33.810813243181826
2025-04-15 22:30:00,83914.31,84048.22,83884.46,83972.25,5204,2880,0,84013.59199999999,84007.78915761274,41.56171860359541
2025-04-15 22:45:00,83972.65,83986.47,83663.08,83820.46,5472,2880,0,83957.056,83966.16045592102,30.32157811757783
2025-04-15 23:00:00,83821.25,83856.19,83589.85,83729.43,5438,2880,0,83868.77799999999,83913.55368793858,25.38164913125675
2025-04-15 23:15:00,83729.43,83823.02,83640.43,83752.41,5295,2880,0,83837.852,83877.74397950778,28.89110328285922
2025-04-15 23:30:00,83752.47,83792.33,83593.08,83635.14,5101,2880,0,83781.93800000001,83823.8319840616,22.43075461451366
2025-04-15 23:45:00,83635.13,83709.96,83601.6,83646.48,4956,2880,0,83716.78400000001,83784.4204320479,24.392594420212575
2025-04-16 00:00:00,83646.2,83701.03,83274.01,83308.94,5260,2880,0,83614.48000000001,83678.75811381504,12.81545248308639
2025-04-16 00:15:00,83308.95,83513.83,83181.23,83492.34,5219,2880,0,83567.062,83637.33186630058,33.41925377319208
2025-04-16 00:30:00,83492.66,83577.42,83297.23,83363.79,5419,2880,0,83489.33799999999,83576.54478490044,27.877836041496252
2025-04-16 00:45:00,83363.84,83387.15,83119.45,83135.63,5062,2880,0,83389.43599999999,83478.56372158923,20.602008739519903
2025-04-16 01:00:00,83135.63,83482.19,83085.62,83289.78,5403,2880,0,83318.09599999999,83436.6117834583,34.46829224434923
2025-04-16 01:15:00,83289.4,83600.74,83240.13,83494.81,5301,2880,0,83355.26999999999,83449.54472046756,48.75307140608766
2025-04-16 01:30:00,83494.69,83506.84,83289.0,83406.66,4981,2880,0,83338.134,83440.01478258587,43.824458045582084
2025-04-16 01:45:00,83406.56,83651.49,83374.15,83619.98,5693,2880,0,83389.372,83480.00705312235,56.573285579760174
2025-04-16 02:00:00,83620.22,83832.86,83561.81,83787.13,6096,2880,0,83519.67199999999,83548.25659687293,64.21049527848695
2025-04-16 02:15:00,83787.22,83863.81,83636.84,83847.48,5686,2880,0,83631.212,83614.75068645673,66.74442379636346
2025-04-16 02:30:00,83845.59,83921.62,83703.44,83715.3,5642,2880,0,83675.31,83637.09497835524,56.27294466287218
2025-04-16 02:45:00,83714.66,83918.59,83706.71,83883.6,5283,2880,0,83770.698,83691.87387205407,64.7280987704934
2025-04-16 03:00:00,83889.64,83949.93,83788.01,83928.49,5524,2880,0,83832.4,83744.45523381984,66.78383558131765
2025-04-16 03:15:00,83928.76,83938.24,83774.88,83774.88,5440,2880,0,83829.95,83751.21629297099,53.88722485756806
2025-04-16 03:30:00,83774.88,83813.27,83655.88,83705.28,5426,2880,0,83801.51000000001,83741.00822786632,48.766869449603746
2025-04-16 03:45:00,83704.38,83745.39,83632.92,83678.6,5232,2880,0,83794.17000000001,83727.13973278491,46.724578952513674
2025-04-16 04:00:00,83678.32,83797.85,83613.14,83697.56,5286,2880,0,83756.962,83720.5664588327,48.561598824459615
2025-04-16 04:15:00,83697.89,83698.49,83492.45,83563.67,5753,2880,0,83683.99799999999,83685.70057909211,37.5806022939697
2025-04-16 04:30:00,83567.17,83632.59,83420.17,83469.26,5572,2880,0,83622.874,83637.6026726272,31.544885719257522
2025-04-16 04:45:00,83469.21,83602.6,83388.87,83590.97,5507,2880,0,83600.01199999999,83627.23985648782,45.16830904877639
2025-04-16 05:00:00,83589.93,83784.74,83528.26,83757.54,5520,2880,0,83615.8,83656.19544393496,58.67490673310912
2025-04-16 05:15:00,83757.42,83826.17,83217.71,83383.48,5594,2880,0,83552.984,83595.59201194943,35.265509955160496
2025-04-16 05:30:00,83383.78,83485.11,83198.46,83464.78,5618,2880,0,83533.206,83566.52267596067,41.366676101466425
2025-04-16 05:45:00,83464.83,83519.22,83338.87,83351.32,5220,2880,0,83509.61799999999,83518.69985908053,35.72752723780691
2025-04-16 06:00:00,83351.63,83496.05,83257.88,83492.43,5209,2880,0,83489.91,83512.8621126182,46.59318186603271
2025-04-16 06:15:00,83492.9,83621.45,83451.81,83463.95,5570,2880,0,83431.192,83501.9927542586,44.76049118912112
2025-04-16 06:30:00,83463.95,83641.8,83450.61,83586.0,5270,2880,0,83471.696,83520.66103109001,54.054246322129366
2025-04-16 06:45:00,83586.21,83729.63,83553.44,83633.86,5541,2880,0,83505.51199999999,83545.81635751446,57.42489365789666
2025-04-16 07:00:00,83634.54,83756.92,83508.17,83566.15,5626,2880,0,83548.478,83550.33494473346,51.064963753446456
2025-04-16 07:15:00,83566.56,83567.15,83334.84,83370.17,5446,2880,0,83524.02599999998,83510.29829034825,36.87870263058281
2025-04-16 07:30:00,83370.17,83488.47,83319.14,83456.73,5224,2880,0,83522.58200000001,83498.39422582641,44.97996218370094
2025-04-16 07:45:00,83456.73,83457.56,83296.15,83352.75,5292,2880,0,83475.932,83466.02884230943,37.957518654726094
2025-04-16 08:00:00,83352.79,83387.2,83119.37,83159.02,5618,2880,0,83380.964,83397.80465512956,28.136315307398064
2025-04-16 08:15:00,83158.29,83752.64,83122.78,83577.58,5937,2880,0,83383.25,83437.75473176743,56.9890910222821
2025-04-16 08:30:00,83577.58,84122.86,83570.07,83900.0,6295,2880,0,83489.216,83540.47590248578,68.63100177506824
2025-04-16 08:45:00,83900.0,83929.05,83607.76,83738.53,5502,2880,0,83545.576,83584.4879241556,59.02899226982693
2025-04-16 09:00:00,83738.83,83899.39,83666.14,83834.9,5624,2880,0,83642.006,83640.13505212103,62.76044180959101
2025-04-16 09:15:00,83834.49,83933.32,83721.89,83800.11,5435,2880,0,83770.224,83675.68504053858,60.37825772041157
2025-04-16 09:30:00,83800.15,83826.78,83707.0,83728.88,5239,2880,0,83800.484,83687.50614264111,55.2278975627577
2025-04-16 09:45:00,83722.64,83770.86,83581.61,83589.02,5493,2880,0,83738.288,83665.62033316531,45.98540935115952
2025-04-16 10:00:00,83590.89,83781.19,83556.26,83750.28,5530,2880,0,83740.638,83684.43359246191,56.14096792338943
2025-04-16 10:15:00,83751.14,83952.99,83717.36,83897.73,5662,2880,0,83753.204,83731.83279413704,63.64158559792093
2025-04-16 10:30:00,83898.48,83963.94,83829.96,83871.59,5299,2880,0,83767.5,83762.88995099548,61.40749182821861
2025-04-16 10:45:00,83872.84,83995.33,83869.09,83938.39,5481,2880,0,83809.402,83801.88996188538,65.15819875380944
2025-04-16 11:00:00,83938.54,84084.82,83885.33,83986.12,5724,2880,0,83888.822,83842.82997035529,67.83826661564393
2025-04-16 11:15:00,83987.56,84105.46,83825.6,83883.42,5497,2880,0,83915.44999999998,83851.849976943,56.59735392881384
2025-04-16 11:30:00,83882.64,84018.72,83772.58,83982.76,5266,2880,0,83932.45599999999,83880.94109317788,63.59866131775136
2025-04-16 11:45:00,83982.31,84143.3,83982.31,84061.51,5726,2880,0,83970.44,83921.06751691614,68.4413737535551
2025-04-16 12:00:00,84066.37,84134.58,83987.78,84004.46,5665,2880,0,83983.65400000001,83939.59917982366,61.34645935129661
2025-04-16 12:15:00,84004.0,84289.86,84002.68,84183.19,5658,2880,0,84023.068,83993.73047319619,72.18607303801261
2025-04-16 12:30:00,84183.24,84226.81,83911.87,83934.45,5640,2880,0,84033.274,83980.55703470815,49.161951899132475
2025-04-16 12:45:00,83935.18,83935.18,83710.57,83752.1,5280,2880,0,83987.142,83929.78880477301,38.39010196851307
2025-04-16 13:00:00,83752.42,83811.1,83675.89,83734.84,5330,2880,0,83921.80799999999,83886.46684815678,37.457877261776055
2025-04-16 13:15:00,83734.5,83781.79,83587.82,83724.14,5378,2880,0,83865.74399999999,83850.39421523304,36.79322658615204
2025-04-16 13:30:00,83724.17,84210.67,83475.16,84026.95,6313,2880,0,83834.49600000001,83889.62883407014,60.559475850870335
2025-04-16 13:45:00,84027.16,84084.95,83570.32,83720.28,5845,2880,0,83791.662,83851.99575983234,41.565605651224665
2025-04-16 14:00:00,83718.88,84199.38,83698.9,83994.22,5509,2880,0,83840.086,83883.60114653627,56.26820356435944
2025-04-16 14:15:00,83991.43,84477.66,83890.97,84360.64,5839,2880,0,83965.246,83989.60978063932,68.84888353262141
2025-04-16 14:30:00,84361.0,84754.43,84253.8,84677.93,6205,2880,0,84156.004,84142.56982938614,76.01780962937238
2025-04-16 14:45:00,84677.93,84878.01,84478.94,84618.59,5924,2880,0,84274.332,84248.35208952255,72.28446680533968
2025-04-16 15:00:00,84619.68,84894.46,84515.08,84788.95,5559,2880,0,84488.066,84368.48495851754,76.29517139731169
2025-04-16 15:15:00,84788.51,85295.96,84702.37,85083.17,5674,2880,0,84705.856,84527.30385662474,81.7641793535772
2025-04-16 15:30:00,85098.49,85206.02,84875.9,85000.23,6023,2880,0,84833.774,84632.39855515258,75.84487005916347
2025-04-16 15:45:00,85000.45,85051.65,84798.1,84881.28,5858,2880,0,84874.44399999999,84687.70554289645,67.44213065951894
2025-04-16 16:00:00,84881.28,85148.96,84866.52,85008.56,5824,2880,0,84952.438,84759.00653336392,71.49688031663409
2025-04-16 16:15:00,85008.47,85118.13,84729.87,84865.31,5554,2880,0,84967.70999999999,84782.62952594971,61.20264743995348
2025-04-16 16:30:00,84865.22,84971.5,84706.2,84896.41,5663,2880,0,84930.358,84807.91407573866,62.60534310128459
2025-04-16 16:45:00,84896.5,85251.29,84849.88,85062.08,5581,2880,0,84942.728,84864.39539224119,69.62534783375796
2025-04-16 17:00:00,85063.08,85294.63,85032.75,85182.89,5825,2880,0,85003.05,84935.17197174314,73.91107308853287
2025-04-16 17:15:00,85183.0,85525.11,85169.48,85344.8,5900,2880,0,85070.298,85026.20042246688,78.7361745134599
2025-04-16 17:30:00,85344.63,85572.53,84304.15,84360.31,6952,2880,0,84969.298,84878.2247730298,33.5120526497755
2025-04-16 17:45:00,84360.41,84372.65,83230.58,83283.95,6644,2880,0,84646.80600000001,84523.94149013428,19.110763742809766
2025-04-16 18:00:00,83276.06,84286.47,83263.91,84263.39,7132,2880,0,84487.068,84466.04115899334,44.9451216978122
2025-04-16 18:15:00,84263.39,84482.26,83729.07,84369.75,6397,2880,0,84324.43999999999,84444.64312366147,47.14488376278916
2025-04-16 18:30:00,84369.38,84400.85,83594.48,83735.56,5966,2880,0,84002.59199999999,84287.06909618113,36.66317140136092
2025-04-16 18:45:00,83735.54,84155.43,83655.81,84013.61,5662,2880,0,83933.25200000001,84226.30040814089,43.29596370118321
2025-04-16 19:00:00,84013.65,84226.62,83843.03,84175.07,5358,2880,0,84111.476,84214.91587299846,47.15242057667421
2025-04-16 19:15:00,84175.46,84231.11,83781.16,83831.29,5009,2880,0,84025.056,84129.6656789988,40.17181822269783
2025-04-16 19:30:00,83830.77,84177.2,83806.69,84104.02,5294,2880,0,83971.91,84123.9666392213,47.562200703912495
2025-04-16 19:45:00,84104.02,84489.09,84084.69,84316.29,5558,2880,0,84088.056,84166.70516383878,52.986242498075654
2025-04-16 20:00:00,84316.29,84483.32,84244.01,84391.61,5607,2880,0,84163.65599999999,84216.68401631905,54.969540115247725
2025-04-16 20:15:00,84391.62,84630.81,84359.18,84602.33,5408,2880,0,84249.108,84302.38312380371,60.55581842845556
2025-04-16 20:30:00,84602.33,84675.17,84358.06,84409.71,5014,2880,0,84364.792,84326.23354073623,53.3024428365229
2025-04-16 20:45:00,84409.9,84486.91,84233.61,84307.83,5064,2880,0,84405.554,84322.14386501706,49.53646222877998
2025-04-16 21:00:00,84307.59,84505.73,84253.34,84451.77,5303,2880,0,84432.65,84350.94967279104,54.93464484639684
2025-04-16 21:15:00,84451.42,84692.28,84402.87,84572.1,5048,2880,0,84468.748,84400.09418994859,59.301982748299224
2025-04-16 21:30:00,84572.05,84641.54,84397.41,84477.13,4948,2880,0,84443.70800000001,84417.2132588489,54.316580711118945
2025-04-16 21:45:00,84476.59,84683.37,84475.9,84560.66,5002,2880,0,84473.898,84449.09031243804,58.03969917669391
2025-04-16 22:00:00,84560.66,84597.91,84378.51,84389.8,4876,2880,0,84490.29200000002,84435.9146874518,48.36460753097864
2025-04-16 22:15:00,84389.62,84464.53,84312.13,84354.61,4878,2880,0,84470.86000000002,84417.84697912919,46.45086355011516
2025-04-16 22:30:00,84354.47,84535.31,84294.21,84485.9,4836,2880,0,84453.62,84432.96987265605,54.50964098530574
2025-04-16 22:45:00,84485.89,84518.68,84390.41,84444.54,4923,2880,0,84447.102,84435.5410120658,51.57544063289205
2025-04-16 23:00:00,84444.65,84492.48,84263.04,84307.92,5102,2880,0,84396.554,84407.1807871623,42.505979763794116
2025-04-16 23:15:00,84308.09,84349.55,84222.4,84227.03,5047,2880,0,84363.99999999999,84367.14727890401,37.78511970085033
2025-04-16 23:30:00,84226.86,84237.67,84044.51,84171.85,5263,2880,0,84327.448,84323.747883592,34.636147788885566
2025-04-16 23:45:00,84159.71,84179.7,84001.25,84019.49,5202,2880,0,84234.166,84256.13502057157,27.141484907548758
2025-04-17 00:00:00,84019.53,84119.75,83920.68,83953.95,5272,2880,0,84136.04800000001,84188.98279377789,24.414475499227436
2025-04-17 00:15:00,83954.16,84063.33,83907.29,83999.55,5111,2880,0,84074.374,84146.88661738281,30.264362277337185
2025-04-17 00:30:00,83999.55,84185.26,83968.57,84027.77,4765,2880,0,84034.52200000001,84120.41625796442,34.054602472140104
2025-04-17 00:45:00,84027.62,84200.14,83979.61,84190.35,4959,2880,0,84038.222,84135.95708952789,52.06598709418128
2025-04-17 01:00:00,84188.27,84287.76,84088.66,84273.33,5116,2880,0,84088.99,84166.48440296613,58.935374827073794
2025-04-17 01:15:00,84273.98,84369.26,84207.85,84349.74,5472,2880,0,84168.148,84207.20786897367,64.54919345508964
2025-04-17 01:30:00,84349.98,84499.06,84260.57,84301.48,5525,2880,0,84228.53400000001,84228.15723142396,58.48904316270656
2025-04-17 01:45:00,84301.65,84356.96,84168.56,84333.29,5049,2880,0,84289.638,84251.52006888531,61.35852738543904
2025-04-17 02:00:00,84333.19,84333.93,84112.2,84131.87,5385,2880,0,84277.94200000001,84224.93116468858,40.228658054637386
2025-04-17 02:15:00,84131.92,84195.4,84031.83,84180.06,5358,2880,0,84259.288,84214.95979475779,45.60645982406711
2025-04-17 02:30:00,84179.07,84232.08,84000.96,84096.48,5214,2880,0,84208.636,84188.63095147828,38.413294728039205
2025-04-17 02:45:00,84094.79,84283.59,84081.3,84245.88,5056,2880,0,84197.51599999999,84201.35296226088,53.98195676384107
2025-04-17 03:00:00,84246.25,84286.55,84093.12,84125.12,4931,2880,0,84155.882,84184.41230398067,43.352084270612245
2025-04-17 03:15:00,84124.74,84144.41,83787.99,83805.44,5377,2880,0,84090.59599999999,84100.19623642942,26.669391612623485
2025-04-17 03:30:00,83803.45,83964.95,83802.04,83868.24,5149,2880,0,84028.23199999999,84048.65040611176,32.76834600348678
2025-04-17 03:45:00,83868.37,84023.18,83787.95,83969.52,5049,2880,0,84002.84,84031.06587142026,42.089555905931434
2025-04-17 04:00:00,83979.67,83997.51,83869.93,83885.93,5200,2880,0,83930.85,83998.8134555491,37.00790454337232
2025-04-17 04:15:00,83885.88,83984.13,83866.71,83936.89,5181,2880,0,83893.204,83985.0526876493,42.12017771120603
2025-04-17 04:30:00,83937.34,84020.7,83931.85,83986.02,5153,2880,0,83929.31999999999,83985.26764594945,47.088153855930976
2025-04-17 04:45:00,83986.16,84172.04,83977.01,84133.14,5413,2880,0,83982.3,84018.1281690718,59.56085410575329
2025-04-17 05:00:00,84133.14,84249.41,84065.96,84198.62,5385,2880,0,84028.12,84058.23746483363,64.0828266565624
2025-04-17 05:15:00,84198.78,84355.32,84185.97,84266.89,5394,2880,0,84104.312,84104.60469487059,68.49103901699871
2025-04-17 05:30:00,84266.66,84464.8,84254.32,84397.23,5463,2880,0,84196.37999999999,84169.6325404549,75.40635857716802
2025-04-17 05:45:00,84398.28,84498.05,84358.14,84391.76,5451,2880,0,84277.528,84218.99419813158,74.58202460969062
2025-04-17 06:00:00,84392.22,84507.23,84294.88,84434.77,5679,2880,0,84337.854,84266.94437632457,76.95867866059929
2025-04-17 06:15:00,84436.81,84666.99,84355.13,84596.24,5441,2880,0,84417.378,84340.12118158577,83.78786402940993
2025-04-17 06:30:00,84597.74,84836.58,84591.64,84758.31,5491,2880,0,84515.662,84433.05203012226,88.05285190229866
2025-04-17 06:45:00,84758.34,84882.94,84703.49,84791.37,5257,2880,0,84594.49,84512.67824565063,88.77565504407116
2025-04-17 07:00:00,84782.86,84867.22,84641.94,84689.97,5636,2880,0,84654.13200000001,84552.07641328382,72.60770843342648
2025-04-17 07:15:00,84689.83,84971.85,84653.61,84939.19,5757,2880,0,84755.01599999999,84638.10165477631,82.17969809765435
2025-04-17 07:30:00,84937.43,85078.49,84699.24,84731.61,5711,2880,0,84782.09,84658.88128704825,60.9069147129511
2025-04-17 07:45:00,84731.66,84813.75,84590.83,84670.66,5472,2880,0,84764.56,84661.4987788153,55.81608472247943
2025-04-17 08:00:00,84670.89,84768.56,84638.8,84682.76,5406,2880,0,84742.838,84666.22349463412,56.67869850989202
2025-04-17 08:15:00,84682.76,84685.94,84535.32,84582.08,5849,2880,0,84721.26,84647.52494027097,47.43242725935347
2025-04-17 08:30:00,84578.34,84638.75,84548.72,84562.15,5940,2880,0,84645.85199999998,84628.55273132186,45.662906547145695
2025-04-17 08:45:00,84562.18,84594.04,84376.7,84431.97,6088,2880,0,84585.924,84584.867679917,35.33147902061134
2025-04-17 09:00:00,84431.75,84465.92,84318.35,84426.41,5553,2880,0,84537.074,84549.65486215768,34.92647133687056
2025-04-17 09:15:00,84426.59,84428.6,84301.33,84316.12,5620,2880,0,84463.746,84497.75822612263,27.43930958651957
2025-04-17 09:30:00,84315.89,84485.42,84304.94,84476.21,5661,2880,0,84442.572,84492.96973142872,47.16702800931283
2025-04-17 09:45:00,84468.87,84499.7,84378.7,84439.07,5138,2880,0,84417.956,84480.99201333344,43.84818992422682
2025-04-17 10:00:00,84438.83,84475.69,84194.74,84201.11,5610,2880,0,84371.784,84418.79601037045,28.45452106621397
2025-04-17 10:15:00,84201.11,84318.99,84143.44,84314.86,5306,2880,0,84349.474,84395.69911917702,40.44731813423708
2025-04-17 10:30:00,84318.38,84362.07,84242.57,84280.56,5614,2880,0,84342.36200000001,84370.1126482488,38.134305063412484
2025-04-17 10:45:00,84280.57,84352.84,84234.23,84352.82,5103,2880,0,84317.68400000001,84366.26983752685,45.94845203515861
2025-04-17 11:00:00,84352.82,84467.31,84230.97,84253.19,5701,2880,0,84280.508,84341.1409847431,38.005959731778844
2025-04-17 11:15:00,84253.42,84421.44,84236.18,84421.44,5224,2880,0,84324.574,84358.98521035575,54.08847095494295
2025-04-17 11:30:00,84421.37,84714.48,84365.07,84646.53,5528,2880,0,84390.90800000001,84422.88405249892,67.58741868556817
2025-04-17 11:45:00,84647.52,84740.41,84525.73,84545.71,5454,2880,0,84443.938,84450.17870749916,58.363944572199976
2025-04-17 12:00:00,84547.07,84828.04,84546.76,84702.64,5584,2880,0,84513.902,84506.2812169438,66.82120664058506
2025-04-17 12:15:00,84702.77,84862.64,84666.37,84804.49,5249,2880,0,84624.16200000001,84572.54983540073,71.35305013340755
2025-04-17 12:30:00,84804.45,84856.64,84680.08,84783.12,5287,2880,0,84696.49799999999,84619.34320531167,68.98076410483634
2025-04-17 12:45:00,84783.18,84850.63,84720.97,84753.26,5253,2880,0,84717.844,84649.1024930202,65.33835095623988
2025-04-17 13:00:00,84753.26,84765.32,84560.78,84623.6,5585,2880,0,84733.42199999999,84643.43527234904,51.24001354799104
2025-04-17 13:15:00,84623.43,84647.08,84442.29,84631.68,5254,2880,0,84719.23,84640.82298960481,52.01429384955013
2025-04-17 13:30:00,84631.57,84680.39,84277.67,84536.0,5617,2880,0,84665.53199999999,84617.52899191486,42.43830348552293
2025-04-17 13:45:00,84536.0,84589.99,84355.06,84450.19,5179,2880,0,84598.946,84580.34254926711,35.42033195715359
2025-04-17 14:00:00,84449.55,84453.37,84035.96,84141.36,5665,2880,0,84476.56599999999,84482.79087165219,20.66296149651724
2025-04-17 14:15:00,84141.35,84177.98,83925.22,83996.16,5487,2880,0,84351.07800000001,84374.6506779517,16.730286098364985
2025-04-17 14:30:00,83996.16,84094.92,83677.41,84088.13,5825,2880,0,84242.368,84310.97941618465,27.253924564279174
2025-04-17 14:45:00,84092.1,84171.16,83985.96,84053.7,5886,2880,0,84145.90800000001,84253.80621258807,25.789733398803676
2025-04-17 15:00:00,84053.67,84671.76,84044.63,84558.32,5938,2880,0,84167.53400000001,84321.47594312405,61.84329952669735
2025-04-17 15:15:00,84558.11,84620.9,84330.38,84383.6,5680,2880,0,84215.982,84335.28128909649,51.45645746663929
2025-04-17 15:30:00,84383.76,84679.77,84373.21,84578.78,5409,2880,0,84332.50600000001,84389.39211374172,60.37735041420823
2025-04-17 15:45:00,84578.64,84658.05,84450.23,84516.22,5651,2880,0,84418.124,84417.57608846578,56.39139555257282
2025-04-17 16:00:00,84516.25,84777.41,84363.86,84592.58,5956,2880,0,84525.90000000001,84456.4658465845,60.23638063562758
2025-04-17 16:15:00,84592.5,84938.34,84547.8,84911.04,5551,2880,0,84596.444,84557.48232512128,72.4104798105018
2025-04-17 16:30:00,84912.01,85086.51,84730.34,84748.73,5720,2880,0,84669.47,84599.98180842766,60.99006991386901
2025-04-17 16:45:00,84752.24,84979.61,84701.77,84917.65,5518,2880,0,84737.24399999999,84670.57473988818,67.4093994511189
2025-04-17 17:00:00,84917.65,85054.89,84785.9,84958.38,5322,2880,0,84825.676,84734.53146435747,68.89062231061108
2025-04-17 17:15:00,84958.38,85067.13,84764.93,84980.0,5415,2880,0,84903.16,84789.08002783358,69.76590343699618
2025-04-17 17:30:00,84980.68,85158.24,84953.36,85040.77,5467,2880,0,84929.106,84845.01113275945,72.38645769022096
2025-04-17 17:45:00,85039.58,85205.44,84984.98,85105.42,5271,2880,0,85000.444,84902.87976992402,75.13752409624897
2025-04-17 18:00:00,85105.43,85318.3,85045.07,85258.59,5044,2880,0,85068.632,84981.92648771868,80.6253393758857
2025-04-17 18:15:00,85258.59,85484.32,85196.58,85269.28,5349,2880,0,85130.812,85045.78282378119,80.97699651269102
2025-04-17 18:30:00,85266.43,85457.13,85264.75,85375.02,5338,2880,0,85209.81599999999,85118.94664071871,84.3488866464076
2025-04-17 18:45:00,85374.99,85415.18,84892.92,84910.03,5368,2880,0,85183.66799999999,85072.520720559,43.58299467231867
2025-04-17 19:00:00,84910.03,85134.53,84879.07,84937.46,5142,2880,0,85150.076,85042.50722710145,45.44929446253154
2025-04-17 19:15:00,84936.51,84964.21,84621.4,84680.2,5408,2880,0,85034.398,84961.9945099678,33.11894107130411
2025-04-17 19:30:00,84682.85,84787.72,84463.69,84714.01,5198,2880,0,84923.344,84906.88684108606,35.863107479197794
2025-04-17 19:45:00,84713.86,84906.57,84607.02,84822.15,5185,2880,0,84812.76999999999,84888.05643195583,44.58927552078662
2025-04-17 20:00:00,84822.15,85101.01,84812.96,85011.09,5421,2880,0,84832.98199999999,84915.39722485453,56.88739514820544
2025-04-17 20:15:00,85011.09,85071.82,84887.62,84990.91,5250,2880,0,84843.67199999999,84932.17784155352,55.31392728884996
2025-04-17 20:30:00,84990.67,85081.36,84823.47,84957.97,4955,2880,0,84899.226,84937.9094323194,52.471129803614446
2025-04-17 20:45:00,84958.5,85129.29,84914.53,85118.55,5292,2880,0,84980.134,84978.05178069287,63.457588683433286
2025-04-17 21:00:00,85119.95,85120.78,84922.15,84930.26,5060,2880,0,85001.756,84967.43138498334,47.88348550937208
2025-04-17 21:15:00,84932.69,85044.06,84870.63,84882.83,5203,2880,0,84976.104,84948.63107720927,44.57649807523212
2025-04-17 21:30:00,84882.86,84979.85,84875.75,84957.75,4968,2880,0,84969.472,84950.6575044961,50.99211780741474
2025-04-17 21:45:00,84957.52,85087.61,84947.1,85035.16,5096,2880,0,84984.91,84969.4358368303,57.14311833178959
2025-04-17 22:00:00,85035.16,85077.1,84912.76,85013.81,5116,2880,0,84963.96199999998,84979.29676197912,54.8640882740896
2025-04-17 22:15:00,85014.94,85075.77,84956.11,84988.4,4954,2880,0,84975.59,84981.31970376153,51.90741362026131
2025-04-17 22:30:00,84988.16,85003.7,84842.84,84905.07,5171,2880,0,84980.038,84964.37532514786,42.825182369302
2025-04-17 22:45:00,84905.65,84905.69,84674.68,84693.21,5374,2880,0,84927.13,84904.1163640039,27.920668617744894
2025-04-17 23:00:00,84692.81,84886.49,84692.81,84879.6,5063,2880,0,84896.018,84898.66828311415,47.28843011049111
2025-04-17 23:15:00,84879.47,84975.42,84825.03,84941.0,4591,2880,0,84881.456,84908.07533131102,52.349719284563655
2025-04-17 23:30:00,84940.64,84983.34,84864.78,84884.78,4774,2880,0,84860.732,84902.89859101968,47.3538172846507
2025-04-17 23:45:00,84884.46,84929.11,84829.04,84925.92,4941,2880,0,84864.902,84908.01445968197,51.42453694625769
2025-04-18 00:00:00,84924.91,84997.1,84832.67,84919.03,5073,2880,0,84910.06599999999,84910.46235753043,50.63764698376055
